"RIGHT",1.3,6.7891,1.0666,0.262,3.95,0.98,6.8878,1.102,0.25,3.31,0.93,1.02,19562,0.565333333333333,0.2206,0.0327,0.2633,0.409666666666667,0.2129,0.017,0.2402,0.2672,0.2214,0.3828,0.2028,0.388466666666667,0.2162,0.6296296296296296296296296296,0.8,0.4166666666666666666666666667,0.6,0.6363636363636363636363636364,0.4,0.6,48,0,0,9,"RIGHT",1.4,8.3009,1.112,0.26,4.38,2,6.3529,1.5882,0.333,12.18,2.86,1.4,18090,0.644133333333333,0.2352,0.0338,0.2673,0.5788,0.2322,0.0363,0.2859,0.3419,0.1742,0.5658,0.1538,0.5708,0.2525,0.5,0.6,0.4285714285714285714285714286,0.5,0.5,0.5,0.4285714285714285714285714286,48,0,0,9,"Home"
"LEFT",1.37,6.6167,0.8725,0.257,4.05,1.46,8.0597,0,0.292,4.76,1.33,1.5,14631,0.505176470588235,0.2264,0.0314,0.262,0.425764705882353,0.2334,0.0262,0.232,0.2697,0.2697,0.397352941176471,0.2766,0.444764705882353,0.227,0.4615384615384615384615384615,0.5454545454545454545454545455,0.4,0,0.5,0.4,0.3636363636363636363636363636,48,0,0,14,"RIGHT",1.8,9,5.4,0.348,5.4,1.8,9,5.4,0.348,5.4,1.5,1.91,23922,0.610846153846154,0.1971,0.0332,0.2659,0.517384615384616,0.2125,0.0428,0.2438,0.2462,0.2538,0.51,0.2361,0.517,0.2052,0.5,0.5454545454545454545454545455,0.4666666666666666666666666667,0.5,0.5,0.5,0.625,48,0,0,9,"Away"
"LEFT",1.32,5.8887,1.1155,0.263,4.23,1.73,4.1897,1.3966,0.313,5.95,2.45,1.56,18836,0.579153846153846,0.1819,0.027,0.2684,0.515692307692308,0.1635,0.0221,0.2916,0.3155,0.1337,0.521307692307692,0.1486,0.526538461538462,0.1749,0.6538461538461538461538461538,0.7142857142857142857142857143,0.5833333333333333333333333333,0.6666666666666666666666666667,0.6428571428571428571428571429,0.5,0.5,48,0,1,9,"RIGHT",1.29,10.5912,1.1436,0.256,3.83,1.21,13.2632,1.4211,0.247,3.32,0.72,1.71,20109,0.4735625,0.2118,0.0271,0.263,0.44675,0.1776,0.0269,0.2507,0.2469,0.142,0.442,0.1825,0.3615625,0.1744,0.36,0.3333333333333333333333333333,0.3846153846153846153846153846,0.1818181818181818181818181818,0.5,0.3,0,48,0,0,9,"Home"
"RIGHT",1.28,8.4479,0.9448,0.245,3.89,1.38,6.1875,1.125,0.29,4.78,1.38,1.37,24495,0.507352941176471,0.1937,0.028,0.2659,0.397647058823529,0.2299,0.0181,0.2479,0.2635,0.2432,0.311,0.2518,0.422882352941176,0.2234,0.3913043478260869565217391304,0.7,0.1538461538461538461538461538,0.25,0.4210526315789473684210526316,0.4,0.5,48,0,1,9,"RIGHT",1.34,8.2636,0.8182,0.262,4.01,1.18,5.7447,0.5745,0.263,4.6,1.53,0.77,25261,0.602285714285714,0.1902,0.0386,0.2853,0.600142857142857,0.2323,0.027,0.2811,0.3088,0.2059,0.577285714285714,0.2581,0.599571428571429,0.2243,0.6296296296296296296296296296,0.6153846153846153846153846154,0.6428571428571428571428571429,0.75,0.5789473684210526315789473684,0.6,0.625,48,0,0,9,"Home"
"RIGHT",1.28,7.5011,0.9949,0.248,3.83,1.57,5.8295,1.5341,0.277,4.6,1.5,1.63,24220,0.718533333333334,0.1992,0.0392,0.2749,0.520466666666667,0.2496,0.0269,0.2401,0.2756,0.2913,0.369933333333333,0.296,0.560866666666667,0.2382,0.2962962962962962962962962963,0.2666666666666666666666666667,0.3333333333333333333333333333,0.25,0.3043478260869565217391304348,0.5,0.4,24,0,1,9,"RIGHT",1.22,8.0991,0.8647,0.254,3.52,0.92,7.4388,0.551,0.193,1.93,1.25,0.73,30339,0.6987,0.1818,0.0314,0.2737,0.7283,0.2235,0.0471,0.2739,0.2761,0.2164,0.5281,0.2059,0.7777,0.2272,0.6538461538461538461538461538,0.8666666666666666666666666667,0.3636363636363636363636363636,0.3333333333333333333333333333,0.6956521739130434782608695652,0.7,0.375,24,0,3,9,"Away"
"RIGHT",1.11,10.2908,0.7957,0.23,3.09,1.57,9.2045,0.3068,0.309,4.6,1.73,1.44,25252,0.6072,0.2078,0.03,0.2715,0.5364,0.2232,0.024,0.2509,0.2437,0.2487,0.566933333333333,0.2134,0.519733333333333,0.2258,0.4642857142857142857142857143,0.5,0.4375,0.6666666666666666666666666667,0.4090909090909090909090909091,0.6,0.6,24,0,0,9,"RIGHT",1.18,8.1028,0.8232,0.235,3.41,1.76,7.2857,0.8571,0.326,6.86,2.13,1.54,21551,0.547,0.1684,0.0212,0.2912,0.588642857142857,0.2102,0.0185,0.3076,0.3161,0.1897,0.709071428571429,0.2,0.545,0.2125,0.4814814814814814814814814815,0.5333333333333333333333333333,0.4166666666666666666666666667,0.8,0.4090909090909090909090909091,0.7,0.5555555555555555555555555556,24,0,0,9,"Away"
"RIGHT",1.18,8.4671,1.403,0.24,4.16,0.84,9.5806,0.871,0.114,0.84,0.4,1.24,20415,0.636857142857143,0.2006,0.04,0.2551,0.626071428571429,0.2273,0.0432,0.2647,0.3017,0.2458,0.661928571428572,0.161,0.607285714285714,0.2409,0.4642857142857142857142857143,0.5,0.4375,0.75,0.4166666666666666666666666667,0.4,0.2857142857142857142857142857,24,0,0,9,"RIGHT",1.03,8.5365,0.8084,0.216,3.23,1.12,9.1915,0.5745,0.273,3.73,1.13,1.09,39582,0.619571428571429,0.2096,0.0416,0.2739,0.544214285714286,0.2307,0.0299,0.2456,0.2439,0.2378,0.647642857142857,0.234,0.494428571428571,0.2291,0.6296296296296296296296296296,0.5,0.7333333333333333333333333333,0.625,0.6315789473684210526315789474,0.7,0.5555555555555555555555555556,24,0,0,9,"Away"
"RIGHT",1.65,8.3182,1.0909,0.309,6.82,1.38,7.5246,0.4426,0.298,4.43,1.67,1,23594,0.514142857142857,0.1854,0.0287,0.2746,0.475142857142857,0.2281,0.019,0.256,0.2885,0.2692,0.486142857142857,0.2037,0.478428571428571,0.2452,0.5185185185185185185185185185,0.6666666666666666666666666667,0.3333333333333333333333333333,0.5833333333333333333333333333,0.4666666666666666666666666667,0.7,0.5,24,0,1,9,"RIGHT",1.39,8.0209,1.2427,0.263,4.61,1.13,9.3462,0.5192,0.206,2.55,0.95,1.3,13601,0.580857142857143,0.1907,0.0279,0.2642,0.585714285714286,0.1838,0.0286,0.2745,0.3221,0.149,0.385142857142857,0.2,0.608571428571429,0.1809,0.4285714285714285714285714286,0.3076923076923076923076923077,0.5333333333333333333333333333,0.2,0.4782608695652173913043478261,0.4,0.125,24,0,3,9,"Away"
"RIGHT",1.41,6.7863,0.9889,0.265,4.52,2.02,7.9138,3.7241,0.333,9.31,2.7,1.66,14332,0.644545454545455,0.1871,0.0239,0.2721,0.546636363636364,0.1944,0.0221,0.268,0.2321,0.1905,0.491090909090909,0.2124,0.568272727272727,0.1872,0.5185185185185185185185185185,0.6,0.4166666666666666666666666667,0.75,0.4210526315789473684210526316,0.7,0.7272727272727272727272727273,24,0,3,9,"RIGHT",1.2,7.5011,0.7767,0.238,3.21,1.29,10.4516,1.4516,0.26,2.61,1.26,1.33,15931,0.570909090909091,0.2434,0.0361,0.2645,0.570636363636364,0.2074,0.0309,0.2676,0.3466,0.1875,0.563545454545455,0.2198,0.564818181818182,0.2028,0.5,0.5625,0.4166666666666666666666666667,0.625,0.45,0.4,0.5,24,0,3,9,"Home"
"RIGHT",1.26,7.2418,0.6269,0.242,3.63,1.22,7,0.5,0.194,3,0.91,1.71,22936,0.590307692307692,0.1816,0.0422,0.283,0.481923076923077,0.227,0.0277,0.227,0.2395,0.2635,0.587461538461538,0.2109,0.458538461538462,0.2307,0.4444444444444444444444444444,0.4166666666666666666666666667,0.4666666666666666666666666667,0.7142857142857142857142857143,0.35,0.4,0.375,24,0,3,9,"LEFT",1.2,7.6524,0.6497,0.224,3.32,1.43,8.8861,1.3671,0.268,5.74,2.57,1.18,19889,0.594333333333333,0.1975,0.0382,0.2724,0.471083333333333,0.2051,0.0465,0.2388,0.2044,0.2336,0.514416666666667,0.1884,0.4595,0.2099,0.4074074074074074074074074074,0.4166666666666666666666666667,0.4,0.4285714285714285714285714286,0.4,0.4,0.5,24,0,3,9,"Home"
"RIGHT",1.36,5.571,0.9529,0.282,4.33,1.25,8.1562,1.6875,0.242,5.34,1,1.57,27196,0.629307692307692,0.1921,0.0428,0.2853,0.545923076923077,0.188,0.0366,0.2533,0.2186,0.1967,0.525461538461538,0.2674,0.548769230769231,0.165,0.4814814814814814814814814815,0.4666666666666666666666666667,0.5,0.5,0.4761904761904761904761904762,0.3,0.625,24,0,0,9,"LEFT",1.16,8.5752,0.9823,0.236,3.27,0.84,13.0645,2.6129,0.211,3.38,1.2,0.81,19450,0.585384615384615,0.185,0.027,0.2702,0.585153846153846,0.2463,0.0223,0.2418,0.2143,0.2597,0.649,0.2396,0.631,0.249,0.5185185185185185185185185185,0.4666666666666666666666666667,0.5833333333333333333333333333,0.4285714285714285714285714286,0.55,0.5,0.5,24,0,0,9,"Home"
"RIGHT",1.36,5.5236,0.9715,0.267,4.46,1.24,4.5957,1.4362,0.279,4.31,1.24,1.29,9275,0.604545454545455,0.2362,0.0308,0.2494,0.670636363636364,0.2561,0.0439,0.2455,0.2449,0.2789,0.585272727272727,0.2523,0.706636363636364,0.258,0.6666666666666666666666666667,0.5333333333333333333333333333,0.8333333333333333333333333333,0.6666666666666666666666666667,0.6666666666666666666666666667,0.8,0.75,24,0,1,9,"LEFT",1.34,7.4007,1.0703,0.259,4.06,1.93,8,1,0.27,4.82,1.5,2.05,25860,0.580066666666667,0.1972,0.0363,0.2733,0.504666666666667,0.2151,0.0199,0.2112,0.1897,0.2069,0.6538,0.2197,0.437133333333333,0.2118,0.3846153846153846153846153846,0.25,0.5,0.3636363636363636363636363636,0.4,0.4,0.5,24,0,1,9,"Away"
"RIGHT",1.44,6.1425,1.08,0.277,5.05,1.52,4.6023,0.3068,0.274,4.25,2.4,0.94,15783,0.596714285714286,0.2286,0.0347,0.2743,0.552928571428572,0.2261,0.0345,0.2763,0.3379,0.1793,0.5325,0.3226,0.56,0.2096,0.4230769230769230769230769231,0.3636363636363636363636363636,0.4666666666666666666666666667,0.3333333333333333333333333333,0.4347826086956521739130434783,0.2,0.5714285714285714285714285714,72,0,2,9,"LEFT",1.88,6.0353,1.5882,0.35,8.16,1.79,8.3571,0,0.316,7.71,1.2,1.76,15127,0.539578947368421,0.1975,0.028,0.2624,0.462578947368421,0.2102,0.0196,0.2507,0.2126,0.2529,0.41578947368421,0.1929,0.460105263157895,0.2162,0.4615384615384615384615384615,0.4285714285714285714285714286,0.5,0.5,0.4444444444444444444444444444,0.4,0.375,72,0,2,13,"Away"
"LEFT",1.42,6.8155,0.6553,0.266,3.86,1.55,5.85,0.45,0.257,2.7,0.5,1.81,15783,0.596714285714286,0.2286,0.0347,0.2743,0.552928571428572,0.2261,0.0345,0.2763,0.3379,0.1793,0.5325,0.3226,0.56,0.2096,0.4230769230769230769230769231,0.3636363636363636363636363636,0.4666666666666666666666666667,0.3333333333333333333333333333,0.4347826086956521739130434783,0.2,0.5714285714285714285714285714,72,0,2,9,"RIGHT",1.15,6.4957,0.935,0.246,3.38,1.13,4.4082,0.2755,0.274,2.76,1.22,1.02,15127,0.539578947368421,0.1975,0.028,0.2624,0.462578947368421,0.2102,0.0196,0.2507,0.2126,0.2529,0.41578947368421,0.1929,0.460105263157895,0.2162,0.4615384615384615384615384615,0.4285714285714285714285714286,0.5,0.5,0.4444444444444444444444444444,0.4,0.375,72,0,2,13,"Away"
"RIGHT",1.17,8.8412,0.5824,0.237,2.81,1.31,7.0568,1.2273,0.278,3.34,1.95,0.8,16625,0.650818181818182,0.2197,0.0346,0.266,0.478454545454545,0.2096,0.0192,0.2512,0.2973,0.1959,0.558909090909091,0.1969,0.450545454545455,0.2129,0.6428571428571428571428571429,0.8125,0.4166666666666666666666666667,0.6,0.6521739130434782608695652174,0.4,0.6,24,0,0,9,"RIGHT",1.35,8.2814,0.7523,0.238,3.96,0.79,8.8657,0.806,0.133,1.59,0.81,0.79,18584,0.645636363636364,0.2384,0.0324,0.2668,0.649272727272727,0.2441,0.0376,0.2848,0.3333,0.1701,0.686545454545454,0.1538,0.636272727272727,0.2644,0.48,0.6,0.4,0.5,0.4761904761904761904761904762,0.5,0.4285714285714285714285714286,24,0,0,9,"Home"
"RIGHT",1.28,8.8559,0.6555,0.245,3.44,1.19,11.0455,0.3068,0.245,3.07,1.42,1.04,29644,0.5325625,0.2104,0.0336,0.2755,0.491375,0.187,0.0212,0.2893,0.3141,0.2094,0.3839375,0.2486,0.52175,0.1686,0.7407407407407407407407407407,0.8125,0.6363636363636363636363636364,0.5,0.8095238095238095238095238095,0.8,0.5555555555555555555555555556,24,0,1,9,"LEFT",1.28,8.2263,0.8088,0.249,3.6,1.33,8.8941,0.3176,0.283,4.71,2,1.15,13533,0.602,0.2416,0.0266,0.2619,0.5565,0.2803,0.0252,0.2661,0.227,0.2919,0.532071428571429,0.3016,0.545857142857143,0.275,0.5384615384615384615384615385,0.5,0.5833333333333333333333333333,0.4,0.5714285714285714285714285714,0.5,0.5454545454545454545454545455,24,0,1,9,"Away"
"RIGHT",1.17,8.5909,0.5979,0.245,3.27,0.98,10.3846,0.2967,0.198,1.76,1.15,0.92,17046,0.605384615384615,0.2346,0.0353,0.2655,0.555692307692308,0.2417,0.0275,0.2417,0.2763,0.2632,0.487307692307692,0.3204,0.593461538461538,0.2279,0.4444444444444444444444444444,0.5,0.4,0,0.48,0.3,0.3636363636363636363636363636,24,0,0,9,"RIGHT",1.28,6.1725,1.1355,0.267,3.88,0.9,6.3084,1.2617,0.179,3.03,1.06,0.75,23034,0.584538461538462,0.2063,0.0359,0.2706,0.477538461538462,0.2226,0.0415,0.2329,0.2147,0.2945,0.511461538461539,0.2228,0.499,0.2225,0.5185185185185185185185185185,0.5454545454545454545454545455,0.5,0.5,0.5238095238095238095238095238,0.6,0.625,24,0,0,9,"Away"
"LEFT",1.35,7.327,0.832,0.245,3.65,1.4,7.3059,0.6353,0.282,3.45,0.88,1.52,18434,0.615615384615384,0.181,0.0264,0.2698,0.517461538461539,0.1676,0.0227,0.2898,0.3177,0.1354,0.525230769230769,0.1419,0.524,0.1863,0.6296296296296296296296296296,0.6666666666666666666666666667,0.5833333333333333333333333333,0.6666666666666666666666666667,0.6,0.5,0.5,24,0,1,9,"RIGHT",1.34,7.6066,0.9137,0.268,4.34,1.38,12.2344,0.8438,0.286,4.98,1.13,1.54,27599,0.5868,0.2146,0.0305,0.2614,0.5386,0.1878,0.0334,0.249,0.2312,0.1618,0.519133333333333,0.1875,0.467733333333333,0.188,0.3846153846153846153846153846,0.3333333333333333333333333333,0.4285714285714285714285714286,0.25,0.5,0.4,0,24,0,0,9,"Away"
"LEFT",1.08,9.7794,0.8397,0.224,2.84,1.45,8.1818,0.8182,0.303,5.32,4,1.2,22435,0.630846153846154,0.1927,0.0302,0.266,0.499538461538461,0.2216,0.0162,0.2437,0.2597,0.2468,0.412846153846154,0.2092,0.538538461538462,0.2252,0.4166666666666666666666666667,0.7272727272727272727272727273,0.1538461538461538461538461538,0.25,0.45,0.4,0.5714285714285714285714285714,24,0,1,9,"RIGHT",1.3,6.3209,1.0909,0.258,3.82,1.17,6.0319,0.5745,0.263,3.13,1.48,0.43,27194,0.536,0.1849,0.037,0.2871,0.560785714285714,0.2413,0.0284,0.2723,0.3095,0.219,0.515285714285714,0.2678,0.569285714285714,0.2331,0.6071428571428571428571428571,0.6153846153846153846153846154,0.6,0.6666666666666666666666666667,0.5789473684210526315789473684,0.5,0.5555555555555555555555555556,24,0,0,9,"Home"
"RIGHT",1.21,9.6,0.9459,0.24,3.52,0.84,9.8411,0.2523,0.189,1.26,1.19,0.51,25446,0.530352941176471,0.2117,0.0316,0.2655,0.491941176470588,0.2242,0.0249,0.2478,0.2374,0.2525,0.466941176470588,0.2188,0.50435294117647,0.2255,0.4827586206896551724137931034,0.5384615384615384615384615385,0.4375,0.6666666666666666666666666667,0.4347826086956521739130434783,0.7,0.6,24,0,0,9,"RIGHT",1.32,6.6358,0.9136,0.254,4.16,1.33,6,1.3333,0.255,4.67,1.57,1.11,21867,0.505066666666667,0.1723,0.021,0.2889,0.567666666666667,0.2027,0.0178,0.3062,0.3167,0.1778,0.557733333333333,0.1955,0.5656,0.2044,0.4642857142857142857142857143,0.5333333333333333333333333333,0.3846153846153846153846153846,0.8,0.3913043478260869565217391304,0.6,0.5555555555555555555555555556,24,0,0,9,"Home"
"LEFT",1.29,5.1762,0.9976,0.274,3.84,1.93,3.5357,1.9286,0.385,6.75,2.83,1.71,18330,0.580428571428572,0.2106,0.0428,0.2521,0.611642857142857,0.2229,0.0455,0.2639,0.3041,0.2456,0.539285714285714,0.1386,0.617357142857143,0.2375,0.4827586206896551724137931034,0.5384615384615384615384615385,0.4375,0.8,0.4166666666666666666666666667,0.5,0.2857142857142857142857142857,24,0,0,9,"LEFT",1.24,7.7666,0.8517,0.249,3.65,1.39,7.1809,1.4362,0.309,5.4,0.56,1.56,43856,0.671230769230769,0.1989,0.0458,0.2753,0.572384615384615,0.2095,0.0396,0.2478,0.2514,0.2346,0.634692307692308,0.2227,0.542769230769231,0.2037,0.6071428571428571428571428571,0.5,0.6875,0.5555555555555555555555555556,0.6315789473684210526315789474,0.7,0.5555555555555555555555555556,24,0,0,9,"Home"
"RIGHT",1.41,5.0474,0.726,0.272,4.76,1.42,2.967,0.5934,0.259,3.56,1.27,1.62,23160,0.468,0.1856,0.029,0.2753,0.411571428571428,0.2323,0.0194,0.2465,0.28,0.27,0.437071428571429,0.2114,0.401214285714286,0.2453,0.5357142857142857142857142857,0.6875,0.3333333333333333333333333333,0.6153846153846153846153846154,0.4666666666666666666666666667,0.7,0.5,24,0,1,9,"LEFT",1.36,8.688,0.9746,0.248,4.01,0.93,9.72,0.81,0.178,1.62,0.93,0.93,12700,0.596692307692308,0.1902,0.0296,0.2642,0.602,0.1766,0.0286,0.2816,0.3285,0.1401,0.473384615384615,0.1765,0.621769230769231,0.1766,0.4137931034482758620689655172,0.3076923076923076923076923077,0.5,0.2,0.4583333333333333333333333333,0.4,0.125,24,0,3,9,"Home"
"RIGHT",1.65,6.1714,1.1571,0.302,4.94,1.8,3.6,0,0.316,3.6,2.5,1.33,25847,0.6806,0.1949,0.03,0.2688,0.6434,0.1886,0.0358,0.2732,0.3261,0.1957,0.6917,0.2547,0.6299,0.1749,0.5,0.5,0.5,0.6666666666666666666666666667,0.48,0.5,0.4,24,0,0,9,"RIGHT",1.36,5.7717,1.0565,0.266,4.39,1.57,5.4,1.2706,0.314,4.08,2.08,1.35,17002,0.559,0.2289,0.0357,0.2633,0.450285714285714,0.2011,0.0129,0.2471,0.2222,0.2222,0.626142857142857,0.1736,0.394857142857143,0.2083,0.344827586206896551724137931,0.5,0.2352941176470588235294117647,0.6,0.2916666666666666666666666667,0.3,0.5,24,0,0,9,"Home"
"RIGHT",1.25,6.9292,0.4779,0.257,2.87,1.18,6.9588,0.5567,0.25,2.51,1.58,0.89,11380,0.578,0.2084,0.0218,0.2641,0.5395,0.1985,0.0242,0.2561,0.2469,0.216,0.467916666666667,0.2035,0.563833333333333,0.1967,0.5,0.5625,0.4166666666666666666666666667,0.75,0.4,0.7,0.7272727272727272727272727273,24,0,3,9,"RIGHT",1.28,8.1409,1.0593,0.248,3.97,1.5,7.2973,3.6486,0.286,7.11,1.65,1.33,15327,0.584166666666667,0.2522,0.0366,0.2644,0.528833333333333,0.218,0.028,0.2504,0.3256,0.186,0.434083333333333,0.1933,0.519583333333333,0.225,0.5172413793103448275862068966,0.5625,0.4615384615384615384615384615,0.625,0.4761904761904761904761904762,0.5,0.5,24,0,3,9,"Away"
"LEFT",1.32,7.9249,0.71,0.24,3.7,1.06,6.2727,0.2727,0.205,2.73,0.83,1.14,18382,0.589,0.1615,0.043,0.2937,0.545714285714286,0.2064,0.0334,0.2485,0.2695,0.2128,0.487785714285714,0.1847,0.758142857142857,0.2128,0.4642857142857142857142857143,0.4615384615384615384615384615,0.4666666666666666666666666667,0.75,0.35,0.4,0.4444444444444444444444444444,24,0,3,9,"LEFT",1.33,8.0743,0.9257,0.25,3.85,1.54,11.1176,1.5882,0.279,3.86,1.64,1.57,19893,0.576333333333333,0.1972,0.0381,0.2726,0.468833333333333,0.2057,0.0439,0.239,0.2067,0.22,0.514416666666667,0.1884,0.46,0.2103,0.3928571428571428571428571429,0.4166666666666666666666666667,0.375,0.375,0.4,0.4,0.4615384615384615384615384615,24,0,3,9,"Home"
"RIGHT",1.39,7.5154,0.7,0.257,4.25,1.36,6.9882,0.3176,0.245,4.71,1.45,1.2,22364,0.689416666666667,0.1933,0.0431,0.2825,0.499083333333333,0.2026,0.0292,0.2478,0.2152,0.2152,0.421166666666667,0.2924,0.525,0.1728,0.4642857142857142857142857143,0.4375,0.5,0.5,0.4545454545454545454545454545,0.3,0.625,24,0,0,9,"RIGHT",1.23,6.2463,0.6045,0.218,2.22,0.6,10.8,0,0.167,0,0,1.29,18839,0.549416666666667,0.1815,0.0271,0.271,0.53,0.2354,0.0217,0.2504,0.2074,0.2222,0.6335,0.2329,0.53675,0.2362,0.5357142857142857142857142857,0.4666666666666666666666666667,0.6153846153846153846153846154,0.4285714285714285714285714286,0.5714285714285714285714285714,0.5,0.5,24,0,0,9,"Away"
"RIGHT",1.43,6.6104,0.7933,0.253,4.14,1.13,7.6154,0,0.213,2.7,1.08,1.2,10534,0.532857142857143,0.2451,0.0303,0.2483,0.482857142857143,0.2464,0.0397,0.2344,0.2216,0.2635,0.441357142857143,0.2491,0.518928571428572,0.2449,0.6428571428571428571428571429,0.5,0.8333333333333333333333333333,0.6666666666666666666666666667,0.625,0.7,0.75,24,0,1,9,"RIGHT",1.39,7.4903,1.3247,0.267,4.78,1.13,6.9,0.9,0.239,3,1.43,0.82,24113,0.607272727272727,0.196,0.0372,0.2741,0.576545454545454,0.2147,0.0221,0.2283,0.2214,0.2143,0.709,0.2108,0.482,0.217,0.4074074074074074074074074074,0.25,0.5333333333333333333333333333,0.3636363636363636363636363636,0.4375,0.5,0.5,24,0,1,9,"Away"
"RIGHT",1.39,6.3215,0.6635,0.275,4.05,1.55,6.9882,0.9529,0.328,3.81,2.25,1.13,44088,0.707166666666667,0.2025,0.0465,0.2758,0.616333333333333,0.2162,0.0446,0.2455,0.2405,0.2468,0.6715,0.2051,0.497,0.2215,0.6206896551724137931034482759,0.5384615384615384615384615385,0.6875,0.5555555555555555555555555556,0.65,0.7,0.6,24,0,0,9,"RIGHT",1.31,6.7659,1.2614,0.249,4.08,1.54,6.9231,1.3846,0.258,6.23,1.6,1.53,20437,0.56075,0.2369,0.032,0.265,0.563,0.2484,0.0353,0.2758,0.3107,0.1921,0.5339375,0.1594,0.559125,0.2679,0.4615384615384615384615384615,0.6,0.375,0.5,0.4545454545454545454545454545,0.5,0.375,24,0,0,9,"Home"
"RIGHT",1.32,7.0902,0.9451,0.266,4.02,1.26,5.1702,0.5745,0.26,3.69,1.47,1.08,31031,0.5976875,0.2142,0.0323,0.2718,0.5773125,0.1912,0.0204,0.2828,0.2963,0.2222,0.500375,0.2364,0.615375,0.1762,0.75,0.8235294117647058823529411765,0.6363636363636363636363636364,0.5,0.8181818181818181818181818182,0.9,0.5555555555555555555555555556,24,0,1,9,"RIGHT",1.29,7.7057,0.9331,0.241,4.39,1.04,8.9043,0.5745,0.212,2.84,1.08,1.04,14910,0.587153846153846,0.2296,0.028,0.2646,0.595923076923077,0.2713,0.026,0.2684,0.2475,0.298,0.539461538461538,0.2966,0.607615384615385,0.2661,0.5185185185185185185185185185,0.5,0.5384615384615384615384615385,0.4,0.5454545454545454545454545455,0.4,0.5454545454545454545454545455,24,0,1,9,"Home"
"RIGHT",1.32,8.3037,0.8764,0.244,4.01,1.16,7.8387,0.2903,0.232,1.45,1.24,1.16,16330,0.616642857142857,0.2212,0.0344,0.2712,0.473214285714286,0.2396,0.0279,0.234,0.255,0.2886,0.450071428571429,0.2947,0.4795,0.2311,0.4642857142857142857142857143,0.5384615384615384615384615385,0.4,0,0.5,0.3,0.3636363636363636363636363636,24,0,0,9,"RIGHT",1.16,7.3125,0.9844,0.24,4.22,0.94,7.5484,0.871,0.164,2.03,1.5,0.47,23388,0.661916666666667,0.2083,0.0357,0.2701,0.605916666666667,0.225,0.0439,0.2332,0.2114,0.2857,0.547416666666667,0.235,0.618583333333333,0.2212,0.5,0.5454545454545454545454545455,0.4705882352941176470588235294,0.5,0.5,0.6,0.625,24,0,0,9,"Home"
"RIGHT",1.44,8.039,0.9192,0.251,4.36,0.93,7.0777,0.2621,0.192,2.1,0.78,1.1,19975,0.450777777777778,0.1863,0.0254,0.2691,0.419333333333333,0.1751,0.0242,0.2886,0.307,0.1535,0.438555555555556,0.1424,0.415055555555556,0.1983,0.6428571428571428571428571429,0.6875,0.5833333333333333333333333333,0.6666666666666666666666666667,0.625,0.6,0.5,24,0,1,9,"RIGHT",1.23,9.2514,0.7541,0.258,3.44,1.36,9,0.6923,0.289,4.62,1.79,1.02,24356,0.591615384615385,0.22,0.0305,0.2602,0.544769230769231,0.1809,0.0304,0.2599,0.2727,0.1636,0.625153846153846,0.1677,0.415,0.1925,0.3703703703703703703703703704,0.3333333333333333333333333333,0.4,0.25,0.4666666666666666666666666667,0.4,0,24,0,0,9,"Home"
"LEFT",1.27,7.0642,0.7955,0.26,3.6,1.45,6.5172,0.931,0.304,5.28,0.72,1.77,20734,0.527785714285714,0.1897,0.0299,0.2683,0.482,0.2132,0.0179,0.2503,0.2765,0.2235,0.427071428571429,0.2125,0.514,0.2134,0.4,0.6666666666666666666666666667,0.1538461538461538461538461538,0.2,0.45,0.4,0.5714285714285714285714285714,24,0,1,9,"LEFT",1.31,5.4278,0.4175,0.251,4.18,1.42,4.2632,0,0.273,3.91,1.14,1.74,25490,0.51125,0.175,0.037,0.2891,0.506625,0.2062,0.0275,0.2825,0.2903,0.2212,0.542,0.2301,0.480875,0.1969,0.6206896551724137931034482759,0.6153846153846153846153846154,0.625,0.7,0.5789473684210526315789473684,0.5,0.5555555555555555555555555556,24,0,0,9,"Away"
"LEFT",1.36,8.3295,1.0885,0.236,3.5,1.4,8.2588,1.2706,0.236,3.14,1.24,1.5,18612,0.609214285714286,0.1617,0.0426,0.293,0.584357142857143,0.2043,0.0325,0.2476,0.274,0.2123,0.464214285714286,0.1848,0.847428571428571,0.2108,0.4482758620689655172413793103,0.4285714285714285714285714286,0.4666666666666666666666666667,0.75,0.3333333333333333333333333333,0.4,0.4,24,0,3,9,"RIGHT",1.2,8.1386,1.08,0.248,4.08,1.17,7.4681,1.1489,0.252,3.41,1.06,1.3,13643,0.5448,0.249,0.0319,0.2476,0.520133333333333,0.2561,0.0433,0.2408,0.2267,0.2674,0.4546,0.2677,0.571066666666667,0.25,0.655172413793103448275862069,0.5,0.8461538461538461538461538462,0.6923076923076923076923076923,0.625,0.7,0.7777777777777777777777777778,24,0,1,9,"Away"
"RIGHT",1.22,9.5081,1.1613,0.245,3.66,1.66,12.5753,1.8493,0.314,4.74,1.63,1.69,22605,0.719833333333333,0.1946,0.0415,0.2783,0.5555,0.2417,0.0288,0.236,0.3056,0.2708,0.39675,0.254,0.59025,0.239,0.3103448275862068965517241379,0.2941176470588235294117647059,0.3333333333333333333333333333,0.25,0.32,0.5,0.4,24,0,1,9,"RIGHT",1.2,7.65,0.9,0.247,4.95,1.04,5.8696,0,0.214,0,3,0.75,31873,0.586285714285714,0.1804,0.0306,0.2742,0.5345,0.2156,0.0531,0.2734,0.2929,0.1929,0.411928571428571,0.1869,0.5555,0.2214,0.6428571428571428571428571429,0.8666666666666666666666666667,0.3846153846153846153846153846,0.3333333333333333333333333333,0.68,0.7,0.375,24,0,3,9,"Away"
"RIGHT",1.23,6.0237,0.7115,0.25,3.46,1.14,4.32,1.35,0.24,3.78,1.41,1.02,15755,0.524611111111111,0.1959,0.0182,0.2637,0.461444444444444,0.2047,0.0184,0.2561,0.2284,0.2132,0.446166666666667,0.2063,0.456333333333333,0.204,0.4827586206896551724137931034,0.5294117647058823529411764706,0.4166666666666666666666666667,0.75,0.380952380952380952380952381,0.6,0.7272727272727272727272727273,24,0,3,9,"RIGHT",1.18,7.5676,1.1141,0.253,3.75,0.87,6.3,1.8,0.171,2.7,1.06,0.64,20942,0.589923076923077,0.1631,0.0198,0.291,0.594538461538462,0.2102,0.018,0.3029,0.3069,0.1799,0.737769230769231,0.16,0.558615384615385,0.2207,0.4827586206896551724137931034,0.5333333333333333333333333333,0.4285714285714285714285714286,0.8,0.4166666666666666666666666667,0.6,0.5555555555555555555555555556,24,0,0,9,"Away"
"RIGHT",1.32,7.2807,1.0644,0.276,4.51,2.38,6.75,0,0.412,10.13,2.73,2.45,19210,0.629357142857143,0.1898,0.0312,0.28,0.5285,0.2303,0.0214,0.261,0.2921,0.2822,0.550142857142857,0.2062,0.453142857142857,0.2482,0.5517241379310344827586206897,0.7058823529411764705882352941,0.3333333333333333333333333333,0.6428571428571428571428571429,0.4666666666666666666666666667,0.8,0.5555555555555555555555555556,24,0,1,9,"LEFT",1.39,7.8798,1.1202,0.251,4.29,1.32,8.2317,1.3171,0.273,4.61,0.58,1.66,18373,0.567235294117647,0.1762,0.0272,0.265,0.529,0.1737,0.0265,0.2788,0.3213,0.1448,0.407294117647059,0.1591,0.531235294117647,0.1762,0.4,0.3076923076923076923076923077,0.4705882352941176470588235294,0.2,0.44,0.4,0.1111111111111111111111111111,24,0,3,9,"Home"
"RIGHT",1.43,7.5441,1.1471,0.274,4.49,1.27,9.3,1.8,0.254,5.4,1.71,0.88,11440,0.603545454545455,0.1823,0.0267,0.2697,0.523545454545455,0.199,0.0232,0.272,0.2448,0.2727,0.447636363636364,0.2013,0.540454545454545,0.1982,0.4814814814814814814814814815,0.4666666666666666666666666667,0.5,0.5,0.4736842105263157894736842105,0.5,0.375,24,0,2,9,"RIGHT",1.15,5.7365,0.6119,0.224,3.29,0.84,4.2188,0.8438,0.16,2.95,0.56,1.13,13272,0.554583333333333,0.2429,0.0354,0.269,0.550333333333333,0.2023,0.0249,0.2742,0.3195,0.213,0.569333333333333,0.1929,0.552333333333333,0.2048,0.5,0.5625,0.4285714285714285714285714286,0.625,0.4545454545454545454545454545,0.4,0.5,24,0,3,9,"Home"
"RIGHT",1.19,8.1023,0.7596,0.229,3.22,0.89,9.8609,0.7043,0.176,1.64,0.94,0.86,19508,0.485333333333333,0.1847,0.0271,0.2702,0.472333333333333,0.2361,0.0231,0.2429,0.2035,0.25,0.5544,0.2398,0.4772,0.2348,0.5172413793103448275862068966,0.4375,0.6153846153846153846153846154,0.4285714285714285714285714286,0.5454545454545454545454545455,0.4,0.4444444444444444444444444444,24,0,0,9,"RIGHT",1.4,4.7093,0.9419,0.268,3.86,1.13,3.6562,0,0.237,0.84,0.79,1.34,24690,0.649538461538462,0.1951,0.0376,0.2751,0.572076923076923,0.2242,0.0265,0.2214,0.2197,0.2023,0.665,0.2284,0.509230769230769,0.2214,0.4285714285714285714285714286,0.25,0.5625,0.3636363636363636363636363636,0.4705882352941176470588235294,0.5,0.5714285714285714285714285714,24,0,1,9,"Away"
"LEFT",1.31,8.8713,0.7399,0.233,3.59,1.58,9.1978,0.2967,0.297,3.86,1.45,1.7,20234,0.690083333333333,0.1918,0.0274,0.2726,0.571833333333333,0.2191,0.0279,0.259,0.2432,0.2432,0.483166666666667,0.2057,0.58,0.2222,0.5,0.5714285714285714285714285714,0.4375,0.7142857142857142857142857143,0.4347826086956521739130434783,0.8,0.6,48,0,0,9,"LEFT",1.34,5.6436,1.0556,0.273,4.15,1.3,4.6023,1.5341,0.277,4.91,0.9,1.5,22322,0.602466666666666,0.2003,0.0289,0.2649,0.534,0.1839,0.0297,0.2659,0.3152,0.1818,0.457466666666667,0.2555,0.537133333333333,0.1667,0.4827586206896551724137931034,0.5,0.4615384615384615384615384615,0.5,0.48,0.4,0.4,48,0,0,9,"Home"
"RIGHT",1.31,7.5815,0.8804,0.251,3.66,1.33,4.7848,0.6835,0.25,4.78,1.41,1.28,47430,0.586571428571429,0.2041,0.0443,0.274,0.541285714285714,0.2055,0.0387,0.2508,0.2562,0.2069,0.571571428571429,0.1978,0.521857142857143,0.2089,0.6333333333333333333333333333,0.5714285714285714285714285714,0.6875,0.5555555555555555555555555556,0.6666666666666666666666666667,0.7,0.6363636363636363636363636364,24,0,0,9,"RIGHT",1.24,6.4561,1.2527,0.243,3.39,1.15,7.7553,0.8617,0.209,2.59,1.06,1.26,21384,0.581785714285714,0.2189,0.0362,0.2662,0.546571428571429,0.2457,0.042,0.283,0.3245,0.1921,0.586071428571429,0.157,0.525357142857143,0.2663,0.4444444444444444444444444444,0.6,0.3529411764705882352941176471,0.5,0.4347826086956521739130434783,0.5,0.3333333333333333333333333333,24,0,0,9,"Home"
"RIGHT",1.13,7.4057,0.7714,0.182,2.62,1.7,7.4605,1.4211,0.245,4.62,2.35,1.11,18065,0.543571428571428,0.2085,0.0436,0.254,0.639142857142857,0.2193,0.0447,0.2682,0.3,0.25,0.748928571428572,0.1462,0.627285714285714,0.2355,0.5,0.5714285714285714285714285714,0.4375,0.8333333333333333333333333333,0.4166666666666666666666666667,0.6,0.2857142857142857142857142857,48,0,0,9,"LEFT",1.33,6.9677,0.8846,0.265,3.91,1.54,5.2388,0.403,0.273,7.15,1.67,1.53,23865,0.590588235294118,0.1959,0.0414,0.2812,0.468823529411765,0.2046,0.027,0.2394,0.2162,0.2162,0.318705882352941,0.2912,0.489411764705882,0.1782,0.4482758620689655172413793103,0.4375,0.4615384615384615384615384615,0.5,0.4347826086956521739130434783,0.3,0.625,48,0,0,9,"Home"
"RIGHT",1.3,7.4167,0.5833,0.257,4.24,1.14,7.4483,0.3103,0.22,3.72,1.5,0.93,21798,0.6071875,0.1842,0.04,0.2821,0.4340625,0.2412,0.0268,0.2454,0.2643,0.2857,0.3665,0.25,0.4646875,0.2392,0.3,0.2777777777777777777777777778,0.3333333333333333333333333333,0.25,0.3076923076923076923076923077,0.5,0.3333333333333333333333333333,24,0,1,9,"RIGHT",1.38,6.782,1.0827,0.273,4.58,1.02,7.7553,1.1489,0.252,3.73,1.39,0.88,14009,0.572642857142857,0.2211,0.0251,0.2682,0.534714285714286,0.2752,0.0272,0.2657,0.2451,0.299,0.558928571428571,0.2778,0.515857142857143,0.2747,0.5357142857142857142857142857,0.5,0.5714285714285714285714285714,0.4,0.5652173913043478260869565217,0.4,0.5833333333333333333333333333,24,0,1,9,"Away"
"RIGHT",1.16,7.4216,1.0087,0.236,3.34,1.46,3.932,2.0971,0.31,6.29,1.75,1.13,22908,0.521533333333333,0.1807,0.0419,0.2829,0.419933333333333,0.221,0.0293,0.2295,0.2619,0.25,0.441066666666667,0.2071,0.403666666666667,0.2246,0.4666666666666666666666666667,0.4666666666666666666666666667,0.4666666666666666666666666667,0.75,0.3636363636363636363636363636,0.5,0.4,24,0,3,9,"RIGHT",1.41,5.5781,0.9598,0.268,4.59,1.25,5.2159,1.2273,0.25,4.25,1.43,1.07,12973,0.532533333333333,0.2492,0.0321,0.2486,0.5176,0.2528,0.0403,0.239,0.2303,0.2697,0.423266666666667,0.2599,0.583333333333333,0.249,0.6333333333333333333333333333,0.5,0.7857142857142857142857142857,0.6923076923076923076923076923,0.5882352941176470588235294118,0.6,0.7777777777777777777777777778,24,0,1,9,"Home"
"LEFT",1.14,8.4148,0.8136,0.233,3.2,1.1,7.2,0.45,0.227,2.93,1.24,1.06,26718,0.60575,0.1822,0.0375,0.2877,0.61025,0.2326,0.0283,0.2648,0.2995,0.2212,0.594,0.2727,0.605416666666667,0.2168,0.6333333333333333333333333333,0.6428571428571428571428571429,0.625,0.7,0.6,0.5,0.6,24,0,0,9,"RIGHT",1.28,7.5888,0.8388,0.237,3.43,1.21,6.5854,1.3171,0.23,4.94,1.26,1.13,20076,0.5422,0.1894,0.0254,0.2677,0.453533333333333,0.1757,0.0263,0.2949,0.316,0.1604,0.477,0.1442,0.4512,0.1967,0.6206896551724137931034482759,0.6875,0.5384615384615384615384615385,0.6153846153846153846153846154,0.625,0.5,0.4,24,0,1,9,"Home"
"RIGHT",1.74,4.0714,0.8571,0.305,4.93,1.65,5.5385,0.6923,0.28,3.81,2.25,1.27,20288,0.573857142857143,0.2106,0.0373,0.2769,0.484071428571429,0.2111,0.0306,0.2649,0.3097,0.1871,0.435857142857143,0.2807,0.505285714285714,0.1972,0.4074074074074074074074074074,0.3333333333333333333333333333,0.4666666666666666666666666667,0.25,0.4347826086956521739130434783,0.1,0.5,48,0,2,9,"LEFT",1.29,6.9448,0.7447,0.265,3.76,1.36,5.3289,0.7105,0.304,4.21,2.37,1.05,23532,0.576714285714286,0.1986,0.0338,0.2776,0.650571428571429,0.2311,0.0642,0.2986,0.3197,0.2177,0.538357142857143,0.2136,0.6135,0.2346,0.655172413793103448275862069,0.8666666666666666666666666667,0.4285714285714285714285714286,0.3333333333333333333333333333,0.6923076923076923076923076923,0.7,0.4444444444444444444444444444,24,0,3,9,"Away"
"RIGHT",1.26,9.3776,0.7326,0.234,3.57,1.23,6,0.3,0.245,2.4,1.04,1.46,12847,0.570923076923077,0.1916,0.0222,0.2699,0.511615384615385,0.1869,0.0209,0.2719,0.2649,0.1892,0.446384615384615,0.2077,0.531384615384615,0.1792,0.5,0.5555555555555555555555555556,0.4166666666666666666666666667,0.75,0.4090909090909090909090909091,0.7,0.7272727272727272727272727273,24,0,3,9,"RIGHT",1.32,5.5265,0.4661,0.241,3.23,0.96,5.3407,0.5934,0.194,2.97,1.13,0.78,22571,0.5845,0.1718,0.0225,0.2905,0.55875,0.216,0.0184,0.2945,0.2982,0.1927,0.552416666666667,0.1901,0.555916666666667,0.2214,0.4666666666666666666666666667,0.5333333333333333333333333333,0.4,0.8,0.4,0.6,0.5555555555555555555555555556,24,0,0,9,"Home"
"RIGHT",1.42,8.3591,0.9613,0.248,4.3,1.3,8.8977,0.6136,0.208,3.38,1.83,0.81,25056,0.495,0.2195,0.0311,0.2613,0.411611111111111,0.1873,0.0293,0.2446,0.2486,0.1459,0.346,0.1929,0.370777777777778,0.1835,0.3571428571428571428571428571,0.3076923076923076923076923077,0.4,0.25,0.4375,0.4,0,24,0,0,9,"RIGHT",1.48,5.1791,0.7364,0.285,4.51,1.24,5.2683,0.6585,0.235,2.63,1.39,1.1,19103,0.511866666666667,0.2032,0.0299,0.2607,0.46,0.2332,0.0233,0.25,0.28,0.275,0.5236,0.211,0.395133333333333,0.2478,0.5666666666666666666666666667,0.7058823529411764705882352941,0.3846153846153846153846153846,0.6428571428571428571428571429,0.5,0.8,0.5555555555555555555555555556,24,0,1,9,"Away"
"LEFT",1.15,8.5446,1.0185,0.238,3.29,1.35,9.2432,1.9459,0.226,4.14,1.61,1.28,14723,0.495533333333333,0.2354,0.0367,0.2618,0.426066666666667,0.2172,0.0166,0.2462,0.236,0.2174,0.589066666666667,0.1845,0.3692,0.227,0.3666666666666666666666666667,0.5384615384615384615384615385,0.2352941176470588235294117647,0.6,0.32,0.3,0.5,48,0,0,9,"RIGHT",0.98,9.785,0.4975,0.208,2.39,0.92,9.0891,0.802,0.22,2.41,0.81,1.04,16540,0.627083333333333,0.2163,0.0349,0.2676,0.479,0.2012,0.0215,0.2504,0.3007,0.1765,0.456833333333333,0.1855,0.476416666666667,0.2049,0.6206896551724137931034482759,0.8125,0.3846153846153846153846153846,0.5,0.6521739130434782608695652174,0.4,0.6,48,0,0,9,"Home"
"RIGHT",1.45,7.9692,0.7137,0.26,4.64,2.03,8.4627,1.6119,0.343,8.74,2.05,2,27666,0.5836875,0.2064,0.0342,0.2679,0.479875,0.2108,0.0395,0.2395,0.2287,0.2234,0.5399375,0.1872,0.4370625,0.2192,0.4137931034482758620689655172,0.4615384615384615384615384615,0.375,0.375,0.4285714285714285714285714286,0.4,0.5,48,0,3,9,"RIGHT",1.14,7.8681,0.5521,0.223,2.82,0.95,7.3256,0.2093,0.184,1.67,1,0.91,18415,0.566117647058824,0.1767,0.0273,0.265,0.518294117647059,0.174,0.0267,0.2775,0.323,0.146,0.373117647058824,0.1655,0.52664705882353,0.1754,0.3870967741935483870967741935,0.3076923076923076923076923077,0.4444444444444444444444444444,0.2,0.4230769230769230769230769231,0.3,0.1,24,0,3,9,"Home"
"RIGHT",1.28,6.5377,1.1458,0.249,3.84,1.66,7.2439,0.6585,0.322,5.2,2.42,1.21,8969,0.611714285714286,0.2232,0.0305,0.2631,0.576571428571429,0.2036,0.0216,0.2735,0.245,0.245,0.485357142857143,0.1809,0.580571428571429,0.2107,0.4642857142857142857142857143,0.4375,0.5,0.5,0.45,0.5,0.3333333333333333333333333333,24,0,2,9,"RIGHT",1.22,7.7394,1.0818,0.256,3.72,1.21,11.8899,1.7339,0.248,3.72,1.56,0.93,21071,0.533882352941176,0.2355,0.0331,0.2616,0.525352941176471,0.2095,0.0258,0.2601,0.3165,0.1983,0.476823529411765,0.213,0.519,0.2085,0.5161290322580645161290322581,0.5625,0.4666666666666666666666666667,0.625,0.4782608695652173913043478261,0.5,0.5555555555555555555555555556,24,0,3,9,"Away"
"LEFT",1.32,9.1681,0.8054,0.237,4.01,0.9,9.4639,0.5567,0.13,1.95,1.5,0.78,18607,0.570571428571429,0.2315,0.0335,0.2614,0.504357142857143,0.2251,0.0262,0.2356,0.2831,0.2831,0.456285714285714,0.28,0.536142857142857,0.2169,0.4482758620689655172413793103,0.5,0.4,0,0.4814814814814814814814814815,0.2,0.3636363636363636363636363636,24,0,0,9,"RIGHT",1.14,7.8088,0.5735,0.227,2.86,1.04,4.9592,0.551,0.217,1.93,1.3,0.83,22052,0.563333333333333,0.2196,0.0315,0.2647,0.521916666666667,0.1926,0.0178,0.2711,0.2629,0.2343,0.409083333333333,0.2516,0.560833333333333,0.1744,0.7586206896551724137931034483,0.8235294117647058823529411765,0.6666666666666666666666666667,0.5714285714285714285714285714,0.8181818181818181818181818182,0.9,0.5555555555555555555555555556,24,0,1,9,"Away"
"RIGHT",1.26,8.3198,2.0407,0.212,4.87,1.14,7.83,1.35,0.181,4.05,1.22,1.06,11748,0.521,0.1628,0.0209,0.2713,0.506846153846154,0.2476,0.0324,0.2514,0.2314,0.2645,0.452307692307692,0.2953,0.575923076923077,0.2287,0.5333333333333333333333333333,0.4705882352941176470588235294,0.6153846153846153846153846154,0.4285714285714285714285714286,0.5652173913043478260869565217,0.5,0.4444444444444444444444444444,24,0,0,9,"RIGHT",1.31,8.526,0.9526,0.247,3.7,1.44,7.29,1.08,0.267,4.05,1.47,1.44,23691,0.4842,0.1937,0.0381,0.277,0.462466666666667,0.2279,0.0249,0.2224,0.2235,0.2118,0.548,0.2159,0.404533333333334,0.2348,0.4137931034482758620689655172,0.25,0.5294117647058823529411764706,0.3636363636363636363636363636,0.4444444444444444444444444444,0.5,0.5714285714285714285714285714,24,0,1,9,"Home"
"LEFT",2.05,6,0,0.36,2.84,2.05,6,0,0.36,2.84,1.88,2.18,19797,0.517692307692308,0.1904,0.0302,0.2684,0.451692307692308,0.2126,0.0172,0.2471,0.2767,0.2201,0.384615384615385,0.1902,0.495692307692308,0.2207,0.4074074074074074074074074074,0.6428571428571428571428571429,0.1538461538461538461538461538,0.2,0.4545454545454545454545454545,0.3,0.5714285714285714285714285714,48,0,1,9,"RIGHT",1.44,5.3769,1.14,0.272,4.57,1.43,8.5909,1.2273,0.295,5.22,1.08,1.97,26097,0.550142857142857,0.1988,0.0328,0.2718,0.463142857142857,0.2215,0.0393,0.2333,0.2079,0.2865,0.488357142857143,0.2245,0.448071428571429,0.2205,0.5,0.5454545454545454545454545455,0.4736842105263157894736842105,0.4285714285714285714285714286,0.5217391304347826086956521739,0.5,0.625,48,0,0,9,"Home"
"RIGHT",1.19,6.0641,0.7547,0.259,3.32,1.32,4.0645,0.871,0.271,2.61,1.43,1.1,25074,0.607461538461539,0.2069,0.0305,0.2718,0.554769230769231,0.2086,0.0309,0.2543,0.2423,0.2474,0.526538461538462,0.2159,0.551769230769231,0.2066,0.5161290322580645161290322581,0.6,0.4375,0.7142857142857142857142857143,0.4583333333333333333333333333,0.8,0.6,24,0,0,9,"RIGHT",1.16,7.717,1.0444,0.242,3.21,1.42,7.6364,1.6364,0.27,3.82,2.06,1.08,25559,0.550076923076923,0.1737,0.0271,0.2705,0.482615384615385,0.175,0.0292,0.2739,0.3206,0.2137,0.440692307692308,0.2708,0.484538461538461,0.1459,0.4666666666666666666666666667,0.5,0.4285714285714285714285714286,0.5,0.4615384615384615384615384615,0.4,0.4,24,0,0,9,"Home"
"RIGHT",1.43,7.289,1.0266,0.3,4.62,1.08,8.25,0,0.25,0.75,2.18,0.6,47358,0.554625,0.2029,0.0444,0.2746,0.5223125,0.2055,0.0383,0.2524,0.2582,0.216,0.5738125,0.2041,0.463375,0.2062,0.6129032258064516129032258065,0.5333333333333333333333333333,0.6875,0.5,0.6666666666666666666666666667,0.6,0.6363636363636363636363636364,24,0,0,9,"LEFT",1.26,6.8493,1.2243,0.259,3.81,1.15,6.3529,1.5882,0.216,2.83,0.83,1.25,20116,0.639,0.22,0.0371,0.2668,0.572384615384615,0.2339,0.0428,0.2998,0.3517,0.1586,0.711153846153846,0.1327,0.529846153846154,0.2571,0.4642857142857142857142857143,0.6,0.3888888888888888888888888889,0.5,0.4583333333333333333333333333,0.5,0.3333333333333333333333333333,24,0,0,9,"Away"
"RIGHT",1.32,8.3985,1.181,0.254,4.85,1.6,6.6064,1.4362,0.297,7.47,1.24,2.63,19450,0.5785,0.206,0.0424,0.2561,0.693857142857143,0.2261,0.0434,0.2746,0.3065,0.2513,0.829785714285714,0.1875,0.659642857142857,0.2372,0.5161290322580645161290322581,0.6,0.4375,0.8333333333333333333333333333,0.44,0.6,0.2857142857142857142857142857,24,0,0,9,"RIGHT",1.35,6.3574,0.8105,0.258,3.59,1.24,9.8471,1.2706,0.243,5.72,0.98,1.54,15589,0.593153846153846,0.1896,0.033,0.2785,0.387769230769231,0.2029,0.0254,0.2266,0.2092,0.2092,0.330538461538462,0.3071,0.389846153846154,0.1731,0.4333333333333333333333333333,0.4375,0.4285714285714285714285714286,0.5,0.4166666666666666666666666667,0.2,0.625,24,0,0,9,"Home"
"RIGHT",1.33,5.7159,1.093,0.273,4.32,1.33,5.9712,2.3365,0.279,7.01,1.24,1.42,14627,0.562571428571429,0.2034,0.0355,0.2789,0.503428571428572,0.2606,0.0268,0.2451,0.2606,0.3451,0.402071428571429,0.2692,0.536714285714286,0.2586,0.3225806451612903225806451613,0.3157894736842105263157894737,0.3333333333333333333333333333,0.4,0.3076923076923076923076923077,0.6,0.3333333333333333333333333333,24,0,1,9,"LEFT",1.28,7.0639,1.0091,0.247,4.12,1.15,9.8471,1.2706,0.229,4.4,0.95,1.2,13168,0.545769230769231,0.2189,0.0248,0.2682,0.570846153846154,0.272,0.0298,0.2733,0.264,0.2944,0.524538461538462,0.3025,0.560230769230769,0.2661,0.5172413793103448275862068966,0.5,0.5333333333333333333333333333,0.4,0.5416666666666666666666666667,0.3,0.5833333333333333333333333333,24,0,1,9,"Home"
"RIGHT",1.44,6.4399,1.4788,0.277,5.22,1.5,8.1628,2.5116,0.228,6.75,1.3,1.93,19797,0.517692307692308,0.1904,0.0302,0.2684,0.451692307692308,0.2126,0.0172,0.2471,0.2767,0.2201,0.384615384615385,0.1902,0.495692307692308,0.2207,0.4074074074074074074074074074,0.6428571428571428571428571429,0.1538461538461538461538461538,0.2,0.4545454545454545454545454545,0.3,0.5714285714285714285714285714,48,0,1,9,"RIGHT",1.18,7.446,0.9281,0.237,3.25,0.86,8.3721,1.0465,0.203,2.72,0.88,0.83,26097,0.550142857142857,0.1988,0.0328,0.2718,0.463142857142857,0.2215,0.0393,0.2333,0.2079,0.2865,0.488357142857143,0.2245,0.448071428571429,0.2205,0.5,0.5454545454545454545454545455,0.4736842105263157894736842105,0.4285714285714285714285714286,0.5217391304347826086956521739,0.5,0.625,48,0,0,9,"Away"
"RIGHT",1.09,8.3077,1.1183,0.242,3.35,1.24,8.5765,2.2235,0.266,5.4,1.35,1.08,20736,0.733363636363636,0.1707,0.0425,0.2884,0.624090909090909,0.2078,0.0307,0.2397,0.2765,0.2059,0.662272727272727,0.1852,0.674,0.2143,0.4516129032258064516129032258,0.4375,0.4666666666666666666666666667,0.6666666666666666666666666667,0.3636363636363636363636363636,0.4,0.3636363636363636363636363636,24,0,3,9,"LEFT",1.32,6.2665,0.8368,0.264,3.85,0.76,6,0,0.139,0.8,0.73,0.76,11643,0.568818181818182,0.2527,0.0337,0.2479,0.577090909090909,0.2486,0.0414,0.239,0.2208,0.2792,0.460363636363636,0.2563,0.623909090909091,0.2449,0.6451612903225806451612903226,0.5,0.8,0.6923076923076923076923076923,0.6111111111111111111111111111,0.6,0.8,24,0,1,9,"Away"
"RIGHT",1.29,7.9473,0.7191,0.248,3.58,1.16,8.5135,1.2162,0.243,5.11,1.19,1.13,25393,0.547714285714286,0.1758,0.0372,0.2901,0.564571428571429,0.2321,0.0262,0.281,0.2971,0.2301,0.584857142857143,0.2611,0.544214285714286,0.2215,0.6129032258064516129032258065,0.6,0.625,0.7,0.5714285714285714285714285714,0.5,0.6,24,0,0,9,"RIGHT",1.32,5.3234,1.2365,0.268,4.27,1.59,3.4138,1.5517,0.316,6.52,1.66,1.5,20038,0.565142857142857,0.177,0.0235,0.2733,0.494857142857143,0.1719,0.023,0.2942,0.3302,0.1488,0.511142857142857,0.1387,0.488428571428571,0.1958,0.6333333333333333333333333333,0.6875,0.5714285714285714285714285714,0.6153846153846153846153846154,0.6470588235294117647058823529,0.5,0.4,24,0,1,9,"Away"
"LEFT",1.13,8.425,0.7898,0.239,3.06,1.06,7.4483,0.6983,0.233,3.03,0.86,1.07,15706,0.642727272727273,0.1906,0.022,0.2681,0.659454545454546,0.1823,0.0225,0.2734,0.2284,0.2081,0.592363636363636,0.2028,0.693818181818182,0.1747,0.4838709677419354838709677419,0.5263157894736842105263157895,0.4166666666666666666666666667,0.75,0.3913043478260869565217391304,0.6,0.7272727272727272727272727273,24,0,3,9,"RIGHT",1.34,7.853,0.9712,0.249,4.13,1.24,5.76,0,0.226,3.24,1.27,1.21,22031,0.556857142857143,0.1706,0.0233,0.2924,0.507,0.2354,0.0203,0.2646,0.2811,0.2304,0.634071428571429,0.232,0.484785714285715,0.2361,0.4838709677419354838709677419,0.5333333333333333333333333333,0.4375,0.8333333333333333333333333333,0.4,0.6,0.5555555555555555555555555556,24,0,0,9,"Away"
"RIGHT",1.35,7.2518,1.1229,0.27,4.18,0.97,6.8087,0.2348,0.209,2.35,1.26,0.74,27289,0.609785714285714,0.2116,0.0359,0.2668,0.5245,0.2032,0.0182,0.2372,0.2092,0.2194,0.611071428571428,0.1623,0.487214285714286,0.2145,0.3548387096774193548387096774,0.5,0.2352941176470588235294117647,0.5,0.32,0.3,0.4285714285714285714285714286,24,0,0,9,"LEFT",1.36,7.1479,0.8691,0.272,3.82,1.57,5.7,0.9,0.298,2.4,1.44,1.62,18757,0.5492,0.2256,0.0351,0.263,0.477266666666667,0.2201,0.0204,0.2364,0.269,0.2105,0.5036,0.2184,0.434266666666667,0.2206,0.6333333333333333333333333333,0.8125,0.4285714285714285714285714286,0.5,0.6666666666666666666666666667,0.4,0.6363636363636363636363636364,24,0,0,9,"Away"
"LEFT",1.38,7.5378,1.1327,0.255,4.21,1.17,6.48,1.08,0.258,3.51,1.11,1.21,19584,0.4474375,0.1932,0.0376,0.2724,0.3836875,0.2078,0.0418,0.2471,0.2228,0.2446,0.4056875,0.1879,0.387375,0.2133,0.4333333333333333333333333333,0.5,0.375,0.375,0.4545454545454545454545454545,0.4,0.5,24,0,3,11,"RIGHT",1.2,7.74,0.45,0.227,3.41,1.15,5.3333,0.3333,0.26,4.33,1.54,0.8,18164,0.505470588235294,0.1763,0.0273,0.2655,0.450117647058823,0.1825,0.0277,0.2732,0.313,0.1522,0.327058823529412,0.1846,0.467764705882353,0.1822,0.375,0.3076923076923076923076923077,0.4210526315789473684210526316,0.1666666666666666666666666667,0.4230769230769230769230769231,0.3,0.1,24,0,3,11,"Home"
"RIGHT",1.32,8.2884,1.1302,0.265,3.88,1.13,8.2841,0.6136,0.25,3.38,1.4,0.87,15111,0.5795,0.1969,0.0286,0.2648,0.521444444444445,0.1998,0.0285,0.2818,0.2644,0.2404,0.409333333333333,0.2,0.535166666666667,0.1997,0.4482758620689655172413793103,0.4117647058823529411764705882,0.5,0.5,0.4285714285714285714285714286,0.5,0.3333333333333333333333333333,24,0,2,9,"RIGHT",1.34,8.1786,0.6429,0.25,3.73,1.59,10.9038,0.7788,0.25,4.15,1.64,1.53,16147,0.553357142857143,0.2513,0.0362,0.2644,0.531571428571428,0.2132,0.0283,0.2562,0.317,0.1964,0.411357142857143,0.2235,0.540785714285714,0.2105,0.53125,0.5625,0.5,0.625,0.5,0.6,0.5555555555555555555555555556,24,0,3,9,"Away"
"RIGHT",1.39,7.0343,0.8287,0.278,3.76,1.4,6.9,0.6,0.274,3.9,1.7,1.25,16625,0.569142857142857,0.2229,0.0347,0.2698,0.486857142857143,0.2194,0.0233,0.2357,0.2688,0.2581,0.491,0.2925,0.490285714285714,0.2091,0.4666666666666666666666666667,0.5333333333333333333333333333,0.4,0,0.5,0.3,0.3636363636363636363636363636,24,0,0,9,"RIGHT",1.4,8.3265,0.6122,0.263,4.15,1.35,8.5909,1.5341,0.234,3.64,1.29,1.42,28770,0.606785714285714,0.2141,0.0338,0.2728,0.557928571428571,0.2017,0.0194,0.2795,0.2905,0.2238,0.4665,0.2676,0.597071428571429,0.1787,0.7333333333333333333333333333,0.8235294117647058823529411765,0.6153846153846153846153846154,0.5714285714285714285714285714,0.7826086956521739130434782609,0.8,0.5555555555555555555555555556,24,0,1,9,"Home"
"RIGHT",1.69,4.8462,0.6923,0.34,5.54,1.69,4.8462,0.6923,0.34,5.54,2.47,1.09,18724,0.512357142857143,0.1832,0.0276,0.2713,0.516142857142857,0.262,0.0279,0.234,0.2079,0.2809,0.481357142857143,0.2965,0.546142857142857,0.2495,0.5483870967741935483870967742,0.5,0.6153846153846153846153846154,0.5,0.5652173913043478260869565217,0.6,0.4444444444444444444444444444,24,0,0,9,"LEFT",1.4,5.4872,0.8358,0.274,3.96,1.82,6.2877,2.2192,0.324,6.57,1.13,2.02,25240,0.568857142857143,0.1994,0.0372,0.2729,0.561785714285714,0.2339,0.0252,0.2283,0.2197,0.2486,0.558428571428572,0.2278,0.544142857142857,0.2374,0.4,0.25,0.5,0.3636363636363636363636363636,0.4210526315789473684210526316,0.5,0.5714285714285714285714285714,24,0,1,9,"Home"
